P0001;Carolina;Ruiz Duque;PASAJERO;202cb962ac59075b964b07152d234b70
P0002;María Camila;Méndez Díaz;PASAJERO;202cb962ac59075b964b07152d234b70
P0004;Carlos Alberto;Cuesta Iglesias;PASAJERO;202cb962ac59075b964b07152d234b70
P0006;Mónica;Hurtado Cuesta;PASAJERO;202cb962ac59075b964b07152d234b70
P0007;Ana María;Quintero Gutiérrez;PASAJERO;202cb962ac59075b964b07152d234b70
P0008;Carlos Andrés;Mejía Gutiérrez;PASAJERO;202cb962ac59075b964b07152d234b70
P0009;María Camila;Cuesta Román;PASAJERO;202cb962ac59075b964b07152d234b70
P0010;David Andrés;González Díaz;PASAJERO;202cb962ac59075b964b07152d234b70
P0011;Juan Felipe;González Pérez;PASAJERO;202cb962ac59075b964b07152d234b70
P0101;Angela María;García Gómez;PASAJERO;202cb962ac59075b964b07152d234b70
P0202;Marco Antonio;Marín Zapata;PASAJERO;202cb962ac59075b964b07152d234b70
P0303;Diana;Uribe Forero;PASAJERO;202cb962ac59075b964b07152d234b70
P0404;David Robert;Hawkins;PASAJERO;202cb962ac59075b964b07152d234b70
P0021;Marguerite;Yourcenar;PASAJERO;202cb962ac59075b964b07152d234b70
P0090;Carolina;Ruiz Valencia;AUXILIAR;202cb962ac59075b964b07152d234b70
P0091;Jack;Hawley;AUXILIAR;202cb962ac59075b964b07152d234b70
